-- --------------------------------------------------------
-- Хост:                         127.0.0.1
-- Версия сервера:               10.6.4-MariaDB-1:10.6.4+maria~focal - mariadb.org binary distribution
-- Операционная система:         debian-linux-gnu
-- HeidiSQL Версия:              11.1.0.6116
-- --------------------------------------------------------

SET @OLD_CHARACTER_SET_CLIENT=@@CHARACTER_SET_CLIENT ;
SET NAMES utf8 ;
SET NAMES utf8mb4 ;
SET @OLD_FOREIGN_KEY_CHECKS=@@FOREIGN_KEY_CHECKS, FOREIGN_KEY_CHECKS=0 ;
SET @OLD_SQL_MODE=@@SQL_MODE, SQL_MODE='NO_AUTO_VALUE_ON_ZERO' ;
SET @OLD_SQL_NOTES=@@SQL_NOTES, SQL_NOTES=0 ;

-- Дамп структуры базы данных stocktaking
CREATE DATABASE IF NOT EXISTS `stocktaking` /*!40100 DEFAULT CHARACTER SET utf8mb4 */;
USE `stocktaking`;

-- Дамп структуры для таблица stocktaking.act
CREATE TABLE IF NOT EXISTS `act` (
  `id` int(11) unsigned NOT NULL AUTO_INCREMENT,
  `addition` varchar(100) NOT NULL DEFAULT '',
  `date` date NOT NULL,
  `body_part_id` int(11) unsigned NOT NULL,
  `number` int(11) unsigned NOT NULL,
  `file` varchar(30) DEFAULT NULL,
  `audit` tinyint(1) NOT NULL DEFAULT 0,
  `user_id` int(11) NOT NULL,
  PRIMARY KEY (`id`) USING BTREE,
  KEY `body_part_id` (`body_part_id`),
  KEY `user_id` (`user_id`),
  CONSTRAINT `FK_act_body_part` FOREIGN KEY (`body_part_id`) REFERENCES `body_part` (`id`),
  CONSTRAINT `FK_act_user` FOREIGN KEY (`user_id`) REFERENCES `user` (`id`)
) ENGINE=InnoDB AUTO_INCREMENT=1 DEFAULT CHARSET=utf8mb3;

-- Дамп структуры для таблица stocktaking.act_component
CREATE TABLE IF NOT EXISTS `act_component` (
  `id` int(11) unsigned NOT NULL AUTO_INCREMENT,
  `act_id` int(11) unsigned NOT NULL,
  `component_id` int(11) unsigned NOT NULL,
  PRIMARY KEY (`id`),
  KEY `act_id` (`act_id`),
  KEY `component_id` (`component_id`),
  CONSTRAINT `FK_act_component_act` FOREIGN KEY (`act_id`) REFERENCES `act` (`id`),
  CONSTRAINT `FK_act_component_component` FOREIGN KEY (`component_id`) REFERENCES `component` (`id`)
) ENGINE=InnoDB AUTO_INCREMENT=1 DEFAULT CHARSET=utf8mb4;

-- Дамп структуры для таблица stocktaking.body
CREATE TABLE IF NOT EXISTS `body` (
  `id` int(11) unsigned NOT NULL AUTO_INCREMENT,
  `title` varchar(50) CHARACTER SET utf8mb3 NOT NULL,
  PRIMARY KEY (`id`) USING BTREE
) ENGINE=InnoDB AUTO_INCREMENT=3 DEFAULT CHARSET=utf8mb3 COLLATE=utf8mb3_bin;

-- Дамп данных таблицы stocktaking.body: ~2 rows (приблизительно)
/*!40000 ALTER TABLE `body` DISABLE KEYS */;
INSERT IGNORE INTO `body` (`id`, `title`) VALUES
	(1, 'Бедро'),
	(2, 'Колено');
/*!40000 ALTER TABLE `body` ENABLE KEYS */;

-- Дамп структуры для таблица stocktaking.body_part
CREATE TABLE IF NOT EXISTS `body_part` (
  `id` int(11) unsigned NOT NULL AUTO_INCREMENT,
  `title` varchar(30) NOT NULL,
  `body_id` int(11) unsigned NOT NULL,
  `manuf_id` int(11) unsigned NOT NULL,
  PRIMARY KEY (`id`) USING BTREE,
  KEY `id_body` (`body_id`) USING BTREE,
  KEY `id_manuf` (`manuf_id`) USING BTREE,
  CONSTRAINT `FK_body_part_body` FOREIGN KEY (`body_id`) REFERENCES `body` (`id`),
  CONSTRAINT `FK_body_part_manuf` FOREIGN KEY (`manuf_id`) REFERENCES `manuf` (`id`)
) ENGINE=InnoDB AUTO_INCREMENT=11 DEFAULT CHARSET=utf8mb3;

-- Дамп данных таблицы stocktaking.body_part: ~10 rows (приблизительно)
/*!40000 ALTER TABLE `body_part` DISABLE KEYS */;
INSERT IGNORE INTO `body_part` (`id`, `title`, `body_id`, `manuf_id`) VALUES
	(1, 'Цемент', 1, 1),
	(2, 'Бесцемент', 1, 1),
	(3, 'Гибрид', 1, 1),
	(4, 'С сохранением ЗКС', 2, 1),
	(5, 'С замещением ЗКС', 2, 1),
	(6, 'Цемент', 1, 2),
	(7, 'Бесцемент', 1, 2),
	(8, 'Гибрид', 1, 2),
	(9, 'С сохранением ЗКС', 2, 2),
	(10, 'С замещением ЗКС', 2, 2);
/*!40000 ALTER TABLE `body_part` ENABLE KEYS */;

-- Дамп структуры для таблица stocktaking.body_part_element
CREATE TABLE IF NOT EXISTS `body_part_element` (
  `id` int(11) unsigned NOT NULL AUTO_INCREMENT,
  `el_body_part_id` int(11) unsigned NOT NULL,
  `body_part_id` int(11) unsigned NOT NULL,
  `required` tinyint(1) NOT NULL DEFAULT 1,
  PRIMARY KEY (`id`) USING BTREE,
  KEY `id_el_body_part` (`el_body_part_id`) USING BTREE,
  KEY `id_body_part` (`body_part_id`) USING BTREE,
  CONSTRAINT `FK_body_part_element_body_part` FOREIGN KEY (`body_part_id`) REFERENCES `body_part` (`id`),
  CONSTRAINT `FK_body_part_element_el_body_part` FOREIGN KEY (`el_body_part_id`) REFERENCES `el_body_part` (`id`)
) ENGINE=InnoDB AUTO_INCREMENT=44 DEFAULT CHARSET=utf8mb3;

-- Дамп данных таблицы stocktaking.body_part_element: ~43 rows (приблизительно)
/*!40000 ALTER TABLE `body_part_element` DISABLE KEYS */;
INSERT IGNORE INTO `body_part_element` (`id`, `el_body_part_id`, `body_part_id`, `required`) VALUES
	(1, 2, 1, 1),
	(2, 6, 1, 1),
	(3, 1, 1, 1),
	(4, 3, 1, 0),
	(5, 3, 1, 0),
	(6, 3, 1, 0),
	(7, 5, 2, 1),
	(8, 4, 2, 1),
	(9, 6, 2, 1),
	(10, 1, 2, 1),
	(11, 3, 2, 0),
	(12, 3, 2, 0),
	(13, 3, 2, 0),
	(14, 5, 3, 1),
	(15, 4, 3, 1),
	(16, 6, 3, 1),
	(17, 1, 3, 1),
	(18, 3, 3, 0),
	(19, 3, 3, 0),
	(20, 3, 3, 0),
	(21, 7, 4, 1),
	(22, 8, 4, 1),
	(23, 9, 4, 1),
	(24, 7, 5, 1),
	(25, 8, 5, 1),
	(26, 9, 5, 1),
	(27, 2, 6, 1),
	(28, 6, 6, 1),
	(29, 1, 6, 1),
	(30, 5, 7, 1),
	(31, 2, 7, 1),
	(32, 6, 7, 1),
	(33, 1, 7, 1),
	(34, 5, 8, 1),
	(35, 2, 8, 1),
	(36, 6, 8, 1),
	(37, 1, 8, 1),
	(38, 7, 9, 1),
	(39, 8, 9, 1),
	(40, 9, 9, 1),
	(41, 7, 10, 1),
	(42, 8, 10, 1),
	(43, 9, 10, 1);
/*!40000 ALTER TABLE `body_part_element` ENABLE KEYS */;

-- Дамп структуры для таблица stocktaking.bpe_component
CREATE TABLE IF NOT EXISTS `bpe_component` (
  `component_id` int(11) unsigned NOT NULL,
  `body_part_element_id` int(11) unsigned NOT NULL,
  PRIMARY KEY (`component_id`,`body_part_element_id`),
  KEY `id` (`component_id`) USING BTREE,
  KEY `id_body_part` (`body_part_element_id`) USING BTREE,
  CONSTRAINT `FK_bpe_component_body_part_element` FOREIGN KEY (`body_part_element_id`) REFERENCES `body_part_element` (`id`),
  CONSTRAINT `FK_bpe_component_component` FOREIGN KEY (`component_id`) REFERENCES `component` (`id`)
) ENGINE=InnoDB DEFAULT CHARSET=utf8mb3;

-- Дамп данных таблицы stocktaking.bpe_component: ~838 rows (приблизительно)
/*!40000 ALTER TABLE `bpe_component` DISABLE KEYS */;
INSERT IGNORE INTO `bpe_component` (`component_id`, `body_part_element_id`) VALUES
	(2, 3),
	(2, 17),
	(4, 3),
	(4, 17),
	(6, 3),
	(6, 17),
	(8, 3),
	(8, 17),
	(10, 3),
	(10, 17),
	(12, 3),
	(12, 17),
	(14, 3),
	(14, 17),
	(16, 3),
	(16, 17),
	(18, 3),
	(18, 17),
	(20, 3),
	(20, 17),
	(22, 3),
	(22, 17),
	(24, 10),
	(25, 10),
	(26, 10),
	(27, 10),
	(28, 10),
	(29, 10),
	(30, 10),
	(31, 10),
	(32, 10),
	(33, 10),
	(34, 10),
	(35, 2),
	(35, 9),
	(35, 16),
	(36, 2),
	(36, 9),
	(36, 16),
	(37, 2),
	(37, 9),
	(37, 16),
	(38, 2),
	(38, 9),
	(38, 16),
	(39, 2),
	(39, 9),
	(39, 16),
	(41, 2),
	(41, 9),
	(41, 16),
	(43, 2),
	(43, 9),
	(43, 16),
	(45, 2),
	(45, 9),
	(45, 16),
	(47, 2),
	(47, 9),
	(47, 16),
	(49, 2),
	(49, 9),
	(49, 16),
	(51, 2),
	(51, 9),
	(51, 16),
	(53, 2),
	(53, 9),
	(53, 16),
	(55, 2),
	(55, 9),
	(55, 16),
	(57, 2),
	(57, 9),
	(57, 16),
	(59, 2),
	(59, 9),
	(59, 16),
	(61, 8),
	(61, 15),
	(62, 8),
	(62, 15),
	(63, 8),
	(63, 15),
	(64, 8),
	(64, 15),
	(65, 8),
	(65, 15),
	(66, 8),
	(66, 15),
	(67, 8),
	(67, 15),
	(68, 7),
	(68, 14),
	(69, 7),
	(69, 14),
	(70, 7),
	(70, 14),
	(71, 7),
	(71, 14),
	(72, 7),
	(72, 14),
	(73, 7),
	(73, 14),
	(74, 7),
	(74, 14),
	(75, 7),
	(75, 14),
	(76, 7),
	(76, 14),
	(77, 7),
	(77, 14),
	(78, 7),
	(78, 14),
	(79, 7),
	(79, 14),
	(80, 7),
	(80, 14),
	(81, 7),
	(81, 14),
	(82, 7),
	(82, 14),
	(116, 30),
	(116, 34),
	(117, 30),
	(117, 34),
	(118, 30),
	(118, 34),
	(119, 30),
	(119, 34),
	(120, 30),
	(120, 34),
	(121, 30),
	(121, 34),
	(122, 30),
	(122, 34),
	(123, 30),
	(123, 34),
	(124, 30),
	(124, 34),
	(125, 30),
	(125, 34),
	(126, 28),
	(126, 32),
	(126, 36),
	(127, 28),
	(127, 32),
	(127, 36),
	(128, 28),
	(128, 32),
	(128, 36),
	(129, 28),
	(129, 32),
	(129, 36),
	(130, 33),
	(131, 33),
	(132, 33),
	(133, 33),
	(134, 33),
	(135, 33),
	(136, 33),
	(137, 33),
	(138, 33),
	(139, 33),
	(140, 33),
	(141, 33),
	(142, 33),
	(143, 33),
	(144, 33),
	(145, 33),
	(146, 33),
	(147, 33),
	(148, 33),
	(149, 33),
	(150, 33),
	(151, 29),
	(151, 37),
	(152, 29),
	(152, 37),
	(153, 29),
	(153, 37),
	(154, 29),
	(154, 37),
	(155, 29),
	(155, 37),
	(156, 29),
	(156, 37),
	(157, 29),
	(157, 37),
	(158, 29),
	(158, 37),
	(159, 29),
	(159, 37),
	(160, 29),
	(160, 37),
	(161, 29),
	(161, 37),
	(162, 29),
	(162, 37),
	(163, 29),
	(163, 37),
	(164, 29),
	(164, 37),
	(165, 29),
	(165, 37),
	(166, 29),
	(166, 37),
	(167, 29),
	(167, 37),
	(168, 29),
	(168, 37),
	(169, 29),
	(169, 37),
	(170, 29),
	(170, 37),
	(171, 29),
	(171, 37),
	(182, 38),
	(182, 41),
	(183, 38),
	(183, 41),
	(184, 38),
	(184, 41),
	(185, 38),
	(185, 41),
	(186, 38),
	(186, 41),
	(187, 38),
	(187, 41),
	(188, 38),
	(188, 41),
	(189, 40),
	(190, 40),
	(191, 40),
	(192, 40),
	(193, 40),
	(194, 40),
	(195, 40),
	(196, 40),
	(197, 40),
	(198, 40),
	(199, 40),
	(200, 40),
	(201, 40),
	(202, 40),
	(203, 40),
	(204, 40),
	(205, 40),
	(206, 40),
	(207, 40),
	(208, 40),
	(209, 40),
	(210, 40),
	(211, 40),
	(212, 40),
	(213, 40),
	(214, 40),
	(215, 40),
	(216, 40),
	(217, 40),
	(218, 40),
	(219, 40),
	(220, 40),
	(221, 40),
	(222, 40),
	(223, 40),
	(224, 40),
	(225, 40),
	(226, 40),
	(227, 40),
	(228, 40),
	(229, 40),
	(230, 40),
	(231, 39),
	(232, 39),
	(233, 39),
	(234, 39),
	(235, 39),
	(236, 39),
	(237, 39),
	(238, 39),
	(239, 39),
	(240, 39),
	(241, 39),
	(242, 39),
	(243, 39),
	(244, 39),
	(267, 42),
	(268, 42),
	(269, 42),
	(270, 42),
	(271, 42),
	(272, 42),
	(273, 42),
	(274, 42),
	(275, 42),
	(276, 42),
	(277, 42),
	(278, 42),
	(279, 42),
	(280, 42),
	(281, 43),
	(282, 43),
	(283, 43),
	(284, 43),
	(285, 43),
	(286, 43),
	(287, 43),
	(288, 43),
	(289, 43),
	(290, 43),
	(291, 43),
	(292, 43),
	(293, 43),
	(294, 43),
	(295, 43),
	(296, 43),
	(297, 43),
	(298, 43),
	(299, 43),
	(300, 43),
	(301, 43),
	(302, 43),
	(303, 43),
	(304, 43),
	(305, 43),
	(306, 43),
	(307, 43),
	(308, 43),
	(309, 43),
	(310, 43),
	(311, 43),
	(312, 43),
	(313, 43),
	(314, 43),
	(315, 43),
	(316, 43),
	(317, 43),
	(318, 43),
	(319, 43),
	(320, 43),
	(321, 43),
	(322, 43),
	(323, 31),
	(323, 35),
	(324, 31),
	(324, 35),
	(325, 31),
	(325, 35),
	(326, 31),
	(326, 35),
	(327, 31),
	(327, 35),
	(328, 31),
	(328, 35),
	(329, 31),
	(329, 35),
	(330, 31),
	(330, 35),
	(331, 31),
	(331, 35),
	(332, 31),
	(332, 35),
	(343, 27),
	(344, 27),
	(345, 27),
	(346, 27),
	(347, 27),
	(348, 27),
	(349, 27),
	(350, 27),
	(369, 21),
	(369, 24),
	(370, 21),
	(370, 24),
	(371, 21),
	(371, 24),
	(372, 21),
	(372, 24),
	(373, 21),
	(373, 24),
	(374, 21),
	(374, 24),
	(375, 22),
	(375, 25),
	(376, 22),
	(376, 25),
	(377, 22),
	(377, 25),
	(378, 22),
	(378, 25),
	(379, 22),
	(379, 25),
	(380, 22),
	(380, 25),
	(381, 22),
	(381, 25),
	(382, 22),
	(382, 25),
	(383, 22),
	(383, 25),
	(384, 22),
	(384, 25),
	(385, 22),
	(385, 25),
	(386, 22),
	(386, 25),
	(387, 22),
	(387, 25),
	(388, 22),
	(388, 25),
	(389, 22),
	(389, 25),
	(390, 22),
	(390, 25),
	(391, 22),
	(391, 25),
	(392, 22),
	(392, 25),
	(393, 22),
	(393, 25),
	(394, 22),
	(394, 25),
	(395, 22),
	(395, 25),
	(396, 22),
	(396, 25),
	(397, 22),
	(397, 25),
	(398, 22),
	(398, 25),
	(399, 22),
	(399, 25),
	(400, 22),
	(400, 25),
	(401, 23),
	(401, 26),
	(402, 23),
	(402, 26),
	(403, 23),
	(403, 26),
	(404, 23),
	(404, 26),
	(405, 23),
	(405, 26),
	(406, 23),
	(406, 26),
	(407, 23),
	(407, 26),
	(408, 23),
	(408, 26),
	(409, 23),
	(409, 26),
	(410, 23),
	(410, 26),
	(411, 23),
	(411, 26),
	(412, 23),
	(412, 26),
	(413, 23),
	(413, 26),
	(414, 23),
	(414, 26),
	(415, 23),
	(415, 26),
	(416, 23),
	(416, 26),
	(417, 23),
	(417, 26),
	(418, 23),
	(418, 26),
	(419, 23),
	(419, 26),
	(420, 23),
	(420, 26),
	(421, 23),
	(421, 26),
	(422, 23),
	(422, 26),
	(423, 23),
	(423, 26),
	(424, 23),
	(424, 26),
	(425, 23),
	(425, 26),
	(426, 23),
	(426, 26),
	(427, 23),
	(427, 26),
	(428, 23),
	(428, 26),
	(429, 23),
	(429, 26),
	(430, 23),
	(430, 26),
	(431, 23),
	(431, 26),
	(432, 23),
	(432, 26),
	(433, 23),
	(433, 26),
	(434, 23),
	(434, 26),
	(435, 23),
	(435, 26),
	(436, 23),
	(436, 26),
	(437, 23),
	(437, 26),
	(438, 23),
	(438, 26),
	(439, 23),
	(439, 26),
	(440, 23),
	(440, 26),
	(441, 23),
	(441, 26),
	(442, 23),
	(442, 26),
	(443, 23),
	(443, 26),
	(444, 23),
	(444, 26),
	(445, 23),
	(445, 26),
	(446, 23),
	(446, 26),
	(447, 23),
	(447, 26),
	(448, 23),
	(448, 26),
	(449, 23),
	(449, 26),
	(450, 23),
	(450, 26),
	(451, 4),
	(451, 5),
	(451, 6),
	(451, 11),
	(451, 12),
	(451, 13),
	(451, 18),
	(451, 19),
	(451, 20),
	(452, 4),
	(452, 5),
	(452, 6),
	(452, 11),
	(452, 12),
	(452, 13),
	(452, 18),
	(452, 19),
	(452, 20),
	(453, 4),
	(453, 5),
	(453, 6),
	(453, 11),
	(453, 12),
	(453, 13),
	(453, 18),
	(453, 19),
	(453, 20),
	(454, 4),
	(454, 5),
	(454, 6),
	(454, 11),
	(454, 12),
	(454, 13),
	(454, 18),
	(454, 19),
	(454, 20),
	(455, 4),
	(455, 5),
	(455, 6),
	(455, 11),
	(455, 12),
	(455, 13),
	(455, 18),
	(455, 19),
	(455, 20),
	(456, 4),
	(456, 5),
	(456, 6),
	(456, 11),
	(456, 12),
	(456, 13),
	(456, 18),
	(456, 19),
	(456, 20),
	(457, 8),
	(457, 15),
	(458, 7),
	(458, 14),
	(459, 7),
	(459, 14),
	(460, 7),
	(460, 14),
	(461, 10),
	(462, 8),
	(462, 15),
	(463, 8),
	(463, 15),
	(464, 8),
	(464, 15),
	(466, 23),
	(466, 26),
	(467, 23),
	(467, 26),
	(468, 23),
	(468, 26),
	(469, 23),
	(469, 26),
	(470, 23),
	(470, 26),
	(471, 23),
	(471, 26),
	(472, 23),
	(472, 26),
	(473, 23),
	(473, 26),
	(474, 23),
	(474, 26),
	(475, 23),
	(475, 26),
	(476, 23),
	(476, 26),
	(477, 23),
	(477, 26),
	(478, 23),
	(478, 26),
	(479, 23),
	(479, 26),
	(480, 23),
	(480, 26),
	(481, 23),
	(481, 26),
	(482, 23),
	(482, 26),
	(483, 23),
	(483, 26),
	(484, 23),
	(484, 26),
	(485, 23),
	(485, 26),
	(486, 23),
	(486, 26),
	(487, 23),
	(487, 26),
	(488, 23),
	(488, 26),
	(489, 23),
	(489, 26),
	(490, 23),
	(490, 26),
	(491, 23),
	(491, 26),
	(492, 23),
	(492, 26),
	(493, 23),
	(493, 26),
	(494, 23),
	(494, 26),
	(495, 23),
	(495, 26),
	(496, 23),
	(496, 26),
	(497, 23),
	(497, 26),
	(498, 23),
	(498, 26),
	(499, 23),
	(499, 26),
	(500, 23),
	(500, 26),
	(501, 23),
	(501, 26),
	(502, 23),
	(502, 26),
	(503, 23),
	(503, 26),
	(504, 23),
	(504, 26),
	(505, 23),
	(505, 26),
	(506, 23),
	(506, 26),
	(507, 23),
	(507, 26),
	(508, 23),
	(508, 26),
	(509, 23),
	(509, 26),
	(510, 23),
	(510, 26),
	(511, 23),
	(511, 26),
	(512, 23),
	(512, 26),
	(513, 23),
	(513, 26),
	(514, 23),
	(514, 26),
	(515, 23),
	(515, 26),
	(516, 23),
	(516, 26),
	(517, 23),
	(517, 26),
	(518, 23),
	(518, 26),
	(519, 23),
	(519, 26),
	(520, 23),
	(520, 26),
	(521, 23),
	(521, 26),
	(523, 22),
	(523, 25),
	(524, 22),
	(524, 25),
	(525, 22),
	(525, 25),
	(526, 22),
	(526, 25),
	(527, 22),
	(527, 25),
	(528, 22),
	(528, 25),
	(529, 22),
	(529, 25),
	(530, 22),
	(530, 25),
	(531, 22),
	(531, 25),
	(532, 22),
	(532, 25),
	(533, 22),
	(533, 25),
	(534, 22),
	(534, 25),
	(535, 22),
	(535, 25),
	(536, 22),
	(536, 25),
	(537, 22),
	(537, 25),
	(538, 22),
	(538, 25),
	(539, 22),
	(539, 25),
	(540, 22),
	(540, 25),
	(541, 22),
	(541, 25),
	(542, 22),
	(542, 25),
	(543, 22),
	(543, 25),
	(544, 22),
	(544, 25),
	(545, 22),
	(545, 25),
	(546, 22),
	(546, 25),
	(547, 22),
	(547, 25),
	(548, 22),
	(548, 25),
	(549, 21),
	(549, 24),
	(550, 21),
	(550, 24),
	(551, 21),
	(551, 24),
	(552, 21),
	(552, 24),
	(553, 21),
	(553, 24),
	(554, 21),
	(554, 24),
	(555, 21),
	(555, 24),
	(556, 2),
	(556, 9),
	(556, 16),
	(557, 2),
	(557, 9),
	(557, 16),
	(558, 2),
	(558, 9),
	(558, 16),
	(559, 2),
	(559, 9),
	(559, 16),
	(560, 2),
	(560, 9),
	(560, 16),
	(561, 2),
	(561, 9),
	(561, 16),
	(562, 2),
	(562, 9),
	(562, 16),
	(563, 2),
	(563, 9),
	(563, 16),
	(564, 2),
	(564, 9),
	(564, 16),
	(565, 2),
	(565, 9),
	(565, 16),
	(566, 2),
	(566, 9),
	(566, 16),
	(567, 8),
	(567, 15),
	(568, 8),
	(568, 15),
	(569, 7),
	(569, 14),
	(570, 7),
	(570, 14),
	(571, 23),
	(571, 26),
	(572, 1),
	(573, 1),
	(574, 1),
	(575, 1),
	(576, 1),
	(577, 1),
	(578, 1),
	(579, 1),
	(580, 1),
	(581, 1),
	(582, 1),
	(583, 1),
	(584, 1);
/*!40000 ALTER TABLE `bpe_component` ENABLE KEYS */;

-- Дамп структуры для таблица stocktaking.component
CREATE TABLE IF NOT EXISTS `component` (
  `id` int(11) unsigned NOT NULL AUTO_INCREMENT,
  `article` varchar(30) COLLATE utf8mb4_unicode_ci NOT NULL,
  `title` varchar(30) COLLATE utf8mb4_unicode_ci NOT NULL,
  `size` varchar(20) COLLATE utf8mb4_unicode_ci DEFAULT NULL,
  `addition` varchar(50) COLLATE utf8mb4_unicode_ci DEFAULT NULL,
  `sort` int(11) NOT NULL,
  `barcode` varchar(30) COLLATE utf8mb4_unicode_ci NOT NULL DEFAULT '0',
  PRIMARY KEY (`id`)
) ENGINE=InnoDB AUTO_INCREMENT=609 DEFAULT CHARSET=utf8mb4 COLLATE=utf8mb4_unicode_ci;

-- Дамп данных таблицы stocktaking.component: ~489 rows (приблизительно)
/*!40000 ALTER TABLE `component` DISABLE KEYS */;
INSERT IGNORE INTO `component` (`id`, `article`, `title`, `size`, `addition`, `sort`, `barcode`) VALUES
	(2, '0580-1-351', 'Ножка бедренная', '35,5мм р. 0', 'EXETER V40', 1, '0'),
	(4, '0580-1-352', 'Ножка бедренная', '37,5мм р. 0', 'EXETER V40', 2, '0104546540153241'),
	(6, '0580-1-371', 'Ножка бедренная', '37,5мм р. 1', 'EXETER V40', 3, '0104546540153258'),
	(8, '0580-1-372', 'Ножка бедренная', '37,5мм р. 2', 'EXETER V40', 4, '0104546540153265'),
	(10, '0580-1-373', 'Ножка бедренная', '37,5мм р. 3', 'EXETER V40', 5, '0104546540153272'),
	(12, '0580-1-374', 'Ножка бедренная', '37,5мм р. 4', 'EXETER V40', 6, '0'),
	(14, '0580-1-440', 'Ножка бедренная', '44 мм р. 0', 'EXETER V40', 7, '0'),
	(16, '0580-1-441', 'Ножка бедренная', '44 мм р. 1', 'EXETER V40', 8, '0104546540153302'),
	(18, '0580-1-442', 'Ножка бедренная', '44 мм р. 2', 'EXETER V40', 9, '0104546540153319'),
	(20, '0580-1-443', 'Ножка бедренная', '44 мм р. 3', 'EXETER V40', 10, '0104546540153326'),
	(22, '0580-1-444', 'Ножка бедренная', '44 мм р. 4', 'EXETER V40', 11, '0'),
	(24, '6721-0027', 'Ножка бедренная', '27 мм, р. 0', 'Accolade', 12, '0'),
	(25, '6721-0127', 'Ножка бедренная', '27 мм, р. 1', 'Accolade', 13, '0'),
	(26, '6721-0330', 'Ножка бедренная', '30 мм, р. 3', 'Accolade', 15, '0104546540669483'),
	(27, '6721-0435', 'Ножка бедренная', '35 мм, р. 4', 'Accolade', 16, '0104546540669490'),
	(28, '6721-0535', 'Ножка бедренная', '35 мм, р. 5', 'Accolade', 17, '0104546540669506'),
	(29, '6721-0635', 'Ножка бедренная', '35 мм, р. 6', 'Accolade', 18, '0'),
	(30, '6721-0737', 'Ножка бедренная', '37 мм, р. 7', 'Accolade', 19, '0'),
	(31, '6721-0837', 'Ножка бедренная', '37 мм, р. 8', 'Accolade', 20, '0'),
	(32, '6721-0937', 'Ножка бедренная', '37 мм, р. 9', 'Accolade', 21, '0'),
	(33, '6721-1040', 'Ножка бедренная', '40 мм, р. 10', 'Accolade', 22, '0'),
	(34, '6721-1140', 'Ножка бедренная', '40 мм, р. 11', 'Accolade', 23, '0'),
	(35, '6260-9-036', 'Головка', '36 мм-5', 'LFIT V40', 35, '0'),
	(36, '6260-9-136', 'Головка', '36 мм+0', 'LFIT V40', 36, '0107613327032307'),
	(37, '6260-9-236', 'Головка', '36 мм+5', 'LFIT V40', 37, '0107613327032314'),
	(38, '6260-9-336', 'Головка', '36 мм+10', 'LFIT V40', 38, '0'),
	(39, '6364-2-028', 'Головка', '28 мм/-4', 'ORTHINOX, V40', 39, '0'),
	(41, '6364-2-128', 'Головка', '28 мм/0', 'ORTHINOX, V40', 40, '0104546540273321'),
	(43, '6364-2-228', 'Головка', '28 мм/+4', 'ORTHINOX, V40', 41, '0'),
	(45, '6364-2-328', 'Головка', '28 мм/+8', 'ORTHINOX, V40', 42, '0'),
	(47, '6364-2-032', 'Головка', '32 мм/-4', 'ORTHINOX, V40', 43, '0104546540273291'),
	(49, '6364-2-132', 'Головка', '32 мм/0', 'ORTHINOX, V40', 44, '0104546540273345'),
	(51, '6364-2-232', 'Головка', '32 мм/+4', 'ORTHINOX, V40', 45, '0104546540273390'),
	(53, '6364-2-332', 'Головка', '32 мм/+8', 'ORTHINOX, V40', 46, '0104546540402189'),
	(55, '6364-2-036', 'Головка', '36 мм/-5', 'ORTHINOX, V40', 47, '0'),
	(57, '6364-2-136', 'Головка', '36 мм/0', 'ORTHINOX, V40', 48, '0'),
	(59, '6364-2-236', 'Головка', '36 мм/+5', 'ORTHINOX, V40', 49, '0'),
	(61, '502-01-48D', 'Каркас вертлужный', '48 мм', 'Trident с отверстиями', 55, '0107613153073062'),
	(62, '502-01-50D', 'Каркас вертлужный', '50 мм', 'Trident с отверстиями', 56, '0107613153073079'),
	(63, '502-01-52E', 'Каркас вертлужный', '52 мм', 'Trident с отверстиями', 57, '0107613153073086'),
	(64, '502-01-54E', 'Каркас вертлужный', '54 мм', 'Trident с отверстиями', 58, '0107613153073093'),
	(65, '502-01-56F', 'Каркас вертлужный', '56 мм', 'Trident с отверстиями', 59, '0'),
	(66, '502-01-60G', 'Каркас вертлужный', '60 мм', 'Trident с отверстиями', 61, '0107613153073123'),
	(67, '502-01-62G', 'Каркас вертлужный', '62 мм', 'Trident с отверстиями', 62, '0107613153073130'),
	(68, '623-10-28D', 'Вкладыш вертлужный', ' диаметр 28, р. D', 'Trident ХЗ', 81, '0107613327039764'),
	(69, '623-10-28E', 'Вкладыш вертлужный', ' диаметр 28, р. E', 'Trident ХЗ', 82, '0'),
	(70, '623-10-28F', 'Вкладыш вертлужный', ' диаметр 28, р. F', 'Trident ХЗ', 83, '0'),
	(71, '623-10-28G', 'Вкладыш вертлужный', ' диаметр 28, р. G', 'Trident ХЗ', 84, '0'),
	(72, '623-10-28H', 'Вкладыш вертлужный', ' диаметр 28, р. H', 'Trident ХЗ', 85, '0'),
	(73, '623-10-32D', 'Вкладыш вертлужный', ' диаметр 32, р. D', 'Trident ХЗ', 86, '0107613327039849'),
	(74, '623-10-32E', 'Вкладыш вертлужный', ' диаметр 32, р. E', 'Trident ХЗ', 87, '0107613327039856'),
	(75, '623-10-32F', 'Вкладыш вертлужный', ' диаметр 32, р. F', 'Trident ХЗ', 88, '0107613327039863'),
	(76, '623-10-32G', 'Вкладыш вертлужный', ' диаметр 32, р. G', 'Trident ХЗ', 89, '0107613327039870'),
	(77, '623-10-32H', 'Вкладыш вертлужный', ' диаметр 32, р. H', 'Trident ХЗ', 90, '0'),
	(78, '623-10-36D', 'Вкладыш вертлужный', ' диаметр 36, р. D', 'Trident ХЗ', 91, '0107613327025309'),
	(79, '623-10-36E', 'Вкладыш вертлужный', ' диаметр 36, р. E', 'Trident ХЗ', 92, '0107613327039917'),
	(80, '623-10-36F', 'Вкладыш вертлужный', ' диаметр 36, р. F', 'Trident ХЗ', 93, '0'),
	(81, '623-10-36G', 'Вкладыш вертлужный', ' диаметр 36, р. G', 'Trident ХЗ', 94, '0'),
	(82, '623-10-36H', 'Вкладыш вертлужный', ' диаметр 36, р. H', 'Trident ХЗ', 95, '0'),
	(116, '121932148', 'Вкладыш', '10D +4 48OD/32ID', 'PINNACLE MARATHON', 96, '0110603295014034'),
	(117, '121932150', 'Вкладыш', '10D +4 50OD/32ID', 'PINNACLE MARATHON', 97, '0110603295014041'),
	(118, '121932152', 'Вкладыш', '10D +4 52OD/32ID', 'PINNACLE MARATHON', 98, '0110603295014058'),
	(119, '121932154', 'Вкладыш', '10D +4 54OD/32ID', 'PINNACLE MARATHON', 99, '0110603295014065'),
	(120, '121932156', 'Вкладыш', '10D +4 56OD/32ID', 'PINNACLE MARATHON', 100, '0110603295014072'),
	(121, '121932158', 'Вкладыш', '10D +4 58OD/32ID', 'PINNACLE MARATHON', 101, '0110603295014089'),
	(122, '121932160', 'Вкладыш', '10D +4 60OD/32ID', 'PINNACLE MARATHON', 102, '0'),
	(123, '121932162', 'Вкладыш', '10D +4 62OD/32ID', 'PINNACLE MARATHON', 103, '0'),
	(124, '121932164', 'Вкладыш', '10D +4 64OD/32ID', 'PINNACLE MARATHON', 104, '0'),
	(125, '121932166', 'Вкладыш', '10D +4 66OD/32ID', 'PINNACLE MARATHON', 105, '0'),
	(126, '136521000', 'Головка', '32 +1 GR ', 'ARTICUL/EZE', 106, '0110603295033172'),
	(127, '136522000', 'Головка', '32 +5 BR ', 'ARTICUL/EZE', 107, '0110603295033189'),
	(128, '136523000', 'Головка', '32 +9 BL ', 'ARTICUL/EZE', 108, '0110603295033196'),
	(129, '136524000', 'Головка', '32 +13 BLK ', 'ARTICUL/EZE', 109, '0110603295033202'),
	(130, '3L92507', 'Ножка бесцементная', 'SIZE 8', 'CORAIL AMT STD', 110, '0110603295168737'),
	(131, '3L92509', 'Ножка бесцементная', 'SIZE 9', 'CORAIL AMT STD', 111, '0110603295168751'),
	(132, '3L92510', 'Ножка бесцементная', 'SIZE 10', 'CORAIL AMT STD', 112, '0110603295168768'),
	(133, '3L92511', 'Ножка бесцементная', 'SIZE 11', 'CORAIL AMT STD', 113, '0110603295168775'),
	(134, '3L92512', 'Ножка бесцементная', 'SIZE 12', 'CORAIL AMT STD', 114, '0110603295168782'),
	(135, '3L92513', 'Ножка бесцементная', 'SIZE 13', 'CORAIL AMT STD', 115, '0110603295168799'),
	(136, '3L92514', 'Ножка бесцементная', 'SIZE 14', 'CORAIL AMT STD', 116, '0110603295168805'),
	(137, '3L92515', 'Ножка бесцементная', 'SIZE 15', 'CORAIL AMT STD', 117, '0110603295168812'),
	(138, '3L92516', 'Ножка бесцементная', 'SIZE 16', 'CORAIL AMT STD', 118, '0110603295168829'),
	(139, '3L92518', 'Ножка бесцементная', 'SIZE 18', 'CORAIL AMT STD', 119, '0'),
	(140, '3L92520', 'Ножка бесцементная', 'SIZE 20', 'CORAIL AMT STD', 120, '0'),
	(141, 'L20309', 'Ножка бесцементная', 'SIZE 9', 'CORAIL AMT NON COL HO', 121, '0'),
	(142, 'L20310', 'Ножка бесцементная', 'SIZE 10', 'CORAIL AMT NON COL HO', 122, '0'),
	(143, 'L20311', 'Ножка бесцементная', 'SIZE 11', 'CORAIL AMT NON COL HO', 123, '0110603295258025'),
	(144, 'L20312', 'Ножка бесцементная', 'SIZE 12', 'CORAIL AMT NON COL HO', 124, '0110603295258032'),
	(145, 'L20313', 'Ножка бесцементная', 'SIZE 13', 'CORAIL AMT NON COL HO', 125, '0110603295258049'),
	(146, 'L20314', 'Ножка бесцементная', 'SIZE 14', 'CORAIL AMT NON COL HO', 126, '0110603295258056'),
	(147, 'L20315', 'Ножка бесцементная', 'SIZE 15', 'CORAIL AMT NON COL HO', 127, '0110603295258063'),
	(148, 'L20316', 'Ножка бесцементная', 'SIZE 16', 'CORAIL AMT NON COL HO', 128, '0'),
	(149, 'L20318', 'Ножка бесцементная', 'SIZE 18', 'CORAIL AMT NON COL HO', 129, '0'),
	(150, 'L20320', 'Ножка бесцементная', 'SIZE 20', 'CORAIL AMT NON COL HO', 130, '0'),
	(151, 'L96408', 'Ножка цементная', 'SZ 8', 'CORAIL AMT Cemented STD', 131, '0110603295385905'),
	(152, 'L96409', 'Ножка цементная', 'SZ 9', 'CORAIL AMT Cemented STD', 132, '0110603295385912'),
	(153, 'L96410', 'Ножка цементная', 'SZ 10', 'CORAIL AMT Cemented STD', 133, '0110603295385929'),
	(154, 'L96411', 'Ножка цементная', 'SZ 11', 'CORAIL AMT Cemented STD', 134, '0110603295385936'),
	(155, 'L96412', 'Ножка цементная', 'SZ 12', 'CORAIL AMT Cemented STD', 135, '0110603295385943'),
	(156, 'L96413', 'Ножка цементная', 'SZ 13', 'CORAIL AMT Cemented STD', 136, '0110603295385950'),
	(157, 'L96414', 'Ножка цементная', 'SZ 14', 'CORAIL AMT Cemented STD', 137, '0110603295385967'),
	(158, 'L96415', 'Ножка цементная', 'SZ 15', 'CORAIL AMT Cemented STD', 138, '0110603295385974'),
	(159, 'L96416', 'Ножка цементная', 'SZ 16', 'CORAIL AMT Cemented STD', 139, '0110603295385981'),
	(160, 'L96418', 'Ножка цементная', 'SZ 18', 'CORAIL AMT Cemented STD', 140, '0110603295385998'),
	(161, 'L96420', 'Ножка цементная', 'SZ 20', 'CORAIL AMT Cemented STD', 141, '0'),
	(162, 'L96509', 'Ножка цементная', 'Size 9', 'CORAIL AMT Cemented HO', 142, '0110603295386018'),
	(163, 'L96510', 'Ножка цементная', 'Size 10', 'CORAIL AMT Cemented HO', 143, '0110603295386025'),
	(164, 'L96511', 'Ножка цементная', 'Size 11', 'CORAIL AMT Cemented HO', 144, '0110603295386032'),
	(165, 'L96512', 'Ножка цементная', 'Size 12', 'CORAIL AMT Cemented HO', 145, '0110603295330493'),
	(166, 'L96513', 'Ножка цементная', 'Size 13', 'CORAIL AMT Cemented HO', 146, '0110603295386049'),
	(167, 'L96514', 'Ножка цементная', 'Size 14', 'CORAIL AMT Cemented HO', 147, '0110603295386056'),
	(168, 'L96515', 'Ножка цементная', 'Size 15', 'CORAIL AMT Cemented HO', 148, '0110603295386063'),
	(169, 'L96516', 'Ножка цементная', 'Size 16', 'CORAIL AMT Cemented HO', 149, '0110603295386070'),
	(170, 'L96518', 'Ножка цементная', 'Size 18', 'CORAIL AMT Cemented HO', 150, '0110603295330509'),
	(171, 'L96520', 'Ножка цементная', 'Size 20', 'CORAIL AMT Cemented HO', 151, '0'),
	(182, '866027', 'Тибиальный компонент', 'S-1.5 ', 'SIGMA MOD Tib Tray', 152, '0'),
	(183, '866022', 'Тибиальный компонент', 'S-2 ', 'SIGMA MOD Tib Tray', 153, '0110603295216773'),
	(184, '866029', 'Тибиальный компонент', 'S-2.5 ', 'SIGMA MOD Tib Tray', 154, '0110603295216834'),
	(185, '866023', 'Тибиальный компонент', 'S-3 ', 'SIGMA MOD Tib Tray', 155, '0110603295216780'),
	(186, '866024', 'Тибиальный компонент', 'S-4 ', 'SIGMA MOD Tib Tray', 156, '0110603295216797'),
	(187, '866025', 'Тибиальный компонент', 'S-5 ', 'SIGMA MOD Tib Tray', 157, '0110603295216803'),
	(188, '866026', 'Тибиальный компонент', 'S-6 ', 'SIGMA MOD Tib Tray', 158, '0'),
	(189, '158100008', 'Вкладыш', 'S1.5 8mm', 'SIGMA GVF POSTLIP INSRT', 159, '0'),
	(190, '158100010', 'Вкладыш', 'S1.5 10mm', 'SIGMA GVF POSTLIP INSRT', 160, '0'),
	(191, '158100012', 'Вкладыш', 'S1.5 12.5mm', 'SIGMA GVF POSTLIP INSRT', 161, '0'),
	(192, '158100015', 'Вкладыш', 'S1.5 15mm', 'SIGMA GVF POSTLIP INSRT', 162, '0'),
	(193, '158100017', 'Вкладыш', 'S1.5 17.5mm', 'SIGMA GVF POSTLIP INSRT', 163, '0'),
	(194, '158100020', 'Вкладыш', 'S1.5 20mm', 'SIGMA GVF POSTLIP INSRT', 164, '0'),
	(195, '158101008', 'Вкладыш', 'S2 8mm', 'SIGMA GVF POSTLIP INSRT', 165, '0110603295062240'),
	(196, '158101010', 'Вкладыш', 'S2 10mm', 'SIGMA GVF POSTLIP INSRT', 166, '0110603295062257'),
	(197, '158101012', 'Вкладыш', 'S2 12.5mm', 'SIGMA GVF POSTLIP INSRT', 167, '0'),
	(198, '158101015', 'Вкладыш', 'S2 15mm', 'SIGMA GVF POSTLIP INSRT', 168, '0'),
	(199, '158101017', 'Вкладыш', 'S2 17.5mm', 'SIGMA GVF POSTLIP INSRT', 169, '0'),
	(200, '158101020', 'Вкладыш', 'S2 20mm', 'SIGMA GVF POSTLIP INSRT', 170, '0'),
	(201, '158102008', 'Вкладыш', 'S2.5 8mm', 'SIGMA GVF POSTLIP INSRT', 171, '0110603295062363'),
	(202, '158102010', 'Вкладыш', 'S2.5 10mm', 'SIGMA GVF POSTLIP INSRT', 172, '0'),
	(203, '158102012', 'Вкладыш', 'S2.5 12.5mm', 'SIGMA GVF POSTLIP INSRT', 173, '0110603295062387'),
	(204, '158102015', 'Вкладыш', 'S2.5 15mm', 'SIGMA GVF POSTLIP INSRT', 174, '0'),
	(205, '158102017', 'Вкладыш', 'S2.5 17.5mm', 'SIGMA GVF POSTLIP INSRT', 175, '0'),
	(206, '158102020', 'Вкладыш', 'S2.5 20mm', 'SIGMA GVF POSTLIP INSRT', 176, '0'),
	(207, '158103008', 'Вкладыш', 'S3 8mm', 'SIGMA GVF POSTLIP INSRT', 177, '0110603295062486'),
	(208, '158103010', 'Вкладыш', 'S3 10mm', 'SIGMA GVF POSTLIP INSRT', 178, '0110603295062493'),
	(209, '158103012', 'Вкладыш', 'S3 12.5mm', 'SIGMA GVF POSTLIP INSRT', 179, '0110603295062509'),
	(210, '158103015', 'Вкладыш', 'S3 15mm', 'SIGMA GVF POSTLIP INSRT', 180, '0'),
	(211, '158103017', 'Вкладыш', 'S3 17.5mm', 'SIGMA GVF POSTLIP INSRT', 181, '0'),
	(212, '158103020', 'Вкладыш', 'S3 20mm', 'SIGMA GVF POSTLIP INSRT', 182, '0'),
	(213, '158104008', 'Вкладыш', 'S4 8mm', 'SIGMA GVF POSTLIP INSRT', 183, '0110603295062608'),
	(214, '158104010', 'Вкладыш', 'S4 10mm', 'SIGMA GVF POSTLIP INSRT', 184, '0110603295062615'),
	(215, '158104012', 'Вкладыш', 'S4 12.5mm', 'SIGMA GVF POSTLIP INSRT', 185, '0110603295062622'),
	(216, '158104015', 'Вкладыш', 'S4 15mm', 'SIGMA GVF POSTLIP INSRT', 186, '0'),
	(217, '158104017', 'Вкладыш', 'S4 17.5mm', 'SIGMA GVF POSTLIP INSRT', 187, '0'),
	(218, '158104020', 'Вкладыш', 'S4 20mm', 'SIGMA GVF POSTLIP INSRT', 188, '0'),
	(219, '158105008', 'Вкладыш', 'S5 8mm', 'SIGMA GVF POSTLIP INSRT', 189, '0110603295062721'),
	(220, '158105010', 'Вкладыш', 'S5 10mm', 'SIGMA GVF POSTLIP INSRT', 190, '0110603295062738'),
	(221, '158105012', 'Вкладыш', 'S5 12.5mm', 'SIGMA GVF POSTLIP INSRT', 191, '0'),
	(222, '158105015', 'Вкладыш', 'S5 15mm', 'SIGMA GVF POSTLIP INSRT', 192, '0'),
	(223, '158105017', 'Вкладыш', 'S5 17.5mm', 'SIGMA GVF POSTLIP INSRT', 193, '0'),
	(224, '158105020', 'Вкладыш', 'S5 20mm', 'SIGMA GVF POSTLIP INSRT', 194, '0'),
	(225, '158106008', 'Вкладыш', 'S6 8mm', 'SIGMA GVF POSTLIP INSRT', 195, '0'),
	(226, '158106010', 'Вкладыш', 'S6 10mm', 'SIGMA GVF POSTLIP INSRT', 196, '0'),
	(227, '158106012', 'Вкладыш', 'S6 12.5mm', 'SIGMA GVF POSTLIP INSRT', 197, '0'),
	(228, '158106015', 'Вкладыш', 'S6 15mm', 'SIGMA GVF POSTLIP INSRT', 198, '0'),
	(229, '158106017', 'Вкладыш', 'S6 17.5mm', 'SIGMA GVF POSTLIP INSRT', 199, '0'),
	(230, '158106020', 'Вкладыш', 'S6 20mm', 'SIGMA GVF POSTLIP INSRT', 200, '0'),
	(231, '960017', 'Феморальный компонент', 'RIGHT S1.5', 'SIGMA CR Cemented FEM', 201, '0'),
	(232, '960012', 'Феморальный компонент', 'RIGHT S2', 'SIGMA CR Cemented FEM', 202, '0110603295232018'),
	(233, '960018', 'Феморальный компонент', 'RIGHT S2.5', 'SIGMA CR Cemented FEM', 203, '0110603295232070'),
	(234, '960013', 'Феморальный компонент', 'RIGHT S3', 'SIGMA CR Cemented FEM', 204, '0110603295232025'),
	(235, '960014', 'Феморальный компонент', 'RIGHT S4', 'SIGMA CR Cemented FEM', 205, '0110603295232032'),
	(236, '960015', 'Феморальный компонент', 'RIGHT S5', 'SIGMA CR Cemented FEM', 206, '0110603295232049'),
	(237, '960016', 'Феморальный компонент', 'RIGHT S6', 'SIGMA CR Cemented FEM', 207, '0'),
	(238, '960007', 'Феморальный компонент', 'LEFT S1.5', 'SIGMA CR Cemented FEM', 208, '0'),
	(239, '960002', 'Феморальный компонент', 'LEFT S2', 'SIGMA CR Cemented FEM', 209, '0110603295231943'),
	(240, '960008', 'Феморальный компонент', 'LEFT S2.5', 'SIGMA CR Cemented FEM', 210, '0'),
	(241, '960003', 'Феморальный компонент', 'LEFT S3', 'SIGMA CR Cemented FEM', 211, '0110603295231950'),
	(242, '960004', 'Феморальный компонент', 'LEFT S4', 'SIGMA CR Cemented FEM', 212, '0110603295231967'),
	(243, '960005', 'Феморальный компонент', 'LEFT S5', 'SIGMA CR Cemented FEM', 213, '0'),
	(244, '960006', 'Феморальный компонент', 'LEFT S6', 'SIGMA CR Cemented FEM', 214, '0'),
	(267, '196050150', 'Феморальный компонент', 'RIGHT S1.5', 'SIGMA PS Cemented FEM', 215, '0'),
	(268, '196050200', 'Феморальный компонент', 'RIGHT S2', 'SIGMA PS Cemented FEM', 216, '0'),
	(269, '196050250', 'Феморальный компонент', 'RIGHT S2.5', 'SIGMA PS Cemented FEM', 217, '0'),
	(270, '196050300', 'Феморальный компонент', 'RIGHT S3', 'SIGMA PS Cemented FEM', 218, '0110603295075134'),
	(271, '196050400', 'Феморальный компонент', 'RIGHT S4', 'SIGMA PS Cemented FEM', 219, '0110603295075141'),
	(272, '196050500', 'Феморальный компонент', 'RIGHT S5', 'SIGMA PS Cemented FEM', 220, '0'),
	(273, '196050600', 'Феморальный компонент', 'RIGHT S6', 'SIGMA PS Cemented FEM', 221, '0'),
	(274, '196040150', 'Феморальный компонент', 'LEFT S1.5', 'SIGMA PS Cemented FEM', 222, '0'),
	(275, '196040200', 'Феморальный компонент', 'LEFT S2', 'SIGMA PS Cemented FEM', 223, '0'),
	(276, '196040250', 'Феморальный компонент', 'LEFT S2.5', 'SIGMA PS Cemented FEM', 224, '0110603295075035'),
	(277, '196040300', 'Феморальный компонент', 'LEFT S3', 'SIGMA PS Cemented FEM', 225, '0110603295075042'),
	(278, '196040400', 'Феморальный компонент', 'LEFT S4', 'SIGMA PS Cemented FEM', 226, '0110603295075059'),
	(279, '196040500', 'Феморальный компонент', 'LEFT S5', 'SIGMA PS Cemented FEM', 227, '0'),
	(280, '196040600', 'Феморальный компонент', 'LEFT S6', 'SIGMA PS Cemented FEM', 228, '0'),
	(281, '158120008', 'Вкладыш', 'S1.5 8mm', 'SIGMA GVF POSTLIP INSRT', 229, '0'),
	(282, '158120010', 'Вкладыш', 'S1.5 10mm', 'SIGMA GVF POSTLIP INSRT', 230, '0'),
	(283, '158120012', 'Вкладыш', 'S1.5 12.5mm', 'SIGMA GVF POSTLIP INSRT', 231, '0'),
	(284, '158120015', 'Вкладыш', 'S1.5 15mm', 'SIGMA GVF POSTLIP INSRT', 232, '0'),
	(285, '158120017', 'Вкладыш', 'S1.5 17.5mm', 'SIGMA GVF POSTLIP INSRT', 233, '0'),
	(286, '158120020', 'Вкладыш', 'S1.5 20mm', 'SIGMA GVF POSTLIP INSRT', 234, '0'),
	(287, '158121008', 'Вкладыш', 'S2 8mm', 'SIGMA GVF POSTLIP INSRT', 235, '0'),
	(288, '158121010', 'Вкладыш', 'S2 10mm', 'SIGMA GVF POSTLIP INSRT', 236, '0'),
	(289, '158121012', 'Вкладыш', 'S2 12.5mm', 'SIGMA GVF POSTLIP INSRT', 237, '0'),
	(290, '158121015', 'Вкладыш', 'S2 15mm', 'SIGMA GVF POSTLIP INSRT', 238, '0'),
	(291, '158121017', 'Вкладыш', 'S2 17.5mm', 'SIGMA GVF POSTLIP INSRT', 239, '0'),
	(292, '158121020', 'Вкладыш', 'S2 20mm', 'SIGMA GVF POSTLIP INSRT', 240, '0'),
	(293, '158122008', 'Вкладыш', 'S2.5 8mm', 'SIGMA GVF POSTLIP INSRT', 241, '0110603295064084'),
	(294, '158122010', 'Вкладыш', 'S2.5 10mm', 'SIGMA GVF POSTLIP INSRT', 242, '0110603295064091'),
	(295, '158122012', 'Вкладыш', 'S2.5 12.5mm', 'SIGMA GVF POSTLIP INSRT', 243, '0110603295064107'),
	(296, '158122015', 'Вкладыш', 'S2.5 15mm', 'SIGMA GVF POSTLIP INSRT', 244, '0'),
	(297, '158122017', 'Вкладыш', 'S2.5 17.5mm', 'SIGMA GVF POSTLIP INSRT', 245, '0'),
	(298, '158122020', 'Вкладыш', 'S2.5 20mm', 'SIGMA GVF POSTLIP INSRT', 246, '0'),
	(299, '158123008', 'Вкладыш', 'S3 8mm', 'SIGMA GVF POSTLIP INSRT', 247, '0110603295064244'),
	(300, '158123010', 'Вкладыш', 'S3 10mm', 'SIGMA GVF POSTLIP INSRT', 248, '0110603295064251'),
	(301, '158123012', 'Вкладыш', 'S3 12.5mm', 'SIGMA GVF POSTLIP INSRT', 249, '0110603295064268'),
	(302, '158123015', 'Вкладыш', 'S3 15mm', 'SIGMA GVF POSTLIP INSRT', 250, '0'),
	(303, '158123017', 'Вкладыш', 'S3 17.5mm', 'SIGMA GVF POSTLIP INSRT', 251, '0'),
	(304, '158123020', 'Вкладыш', 'S3 20mm', 'SIGMA GVF POSTLIP INSRT', 252, '0'),
	(305, '158124008', 'Вкладыш', 'S4 8mm', 'SIGMA GVF POSTLIP INSRT', 253, '0110603295064404'),
	(306, '158124010', 'Вкладыш', 'S4 10mm', 'SIGMA GVF POSTLIP INSRT', 254, '0110603295064411'),
	(307, '158124012', 'Вкладыш', 'S4 12.5mm', 'SIGMA GVF POSTLIP INSRT', 255, '0'),
	(308, '158124015', 'Вкладыш', 'S4 15mm', 'SIGMA GVF POSTLIP INSRT', 256, '0'),
	(309, '158124017', 'Вкладыш', 'S4 17.5mm', 'SIGMA GVF POSTLIP INSRT', 257, '0'),
	(310, '158124020', 'Вкладыш', 'S4 20mm', 'SIGMA GVF POSTLIP INSRT', 258, '0'),
	(311, '158125008', 'Вкладыш', 'S5 8mm', 'SIGMA GVF POSTLIP INSRT', 259, '0110603295064572'),
	(312, '158125010', 'Вкладыш', 'S5 10mm', 'SIGMA GVF POSTLIP INSRT', 260, '0'),
	(313, '158125012', 'Вкладыш', 'S5 12.5mm', 'SIGMA GVF POSTLIP INSRT', 261, '0'),
	(314, '158125015', 'Вкладыш', 'S5 15mm', 'SIGMA GVF POSTLIP INSRT', 262, '0110603295064602'),
	(315, '158125017', 'Вкладыш', 'S5 17.5mm', 'SIGMA GVF POSTLIP INSRT', 263, '0'),
	(316, '158125020', 'Вкладыш', 'S5 20mm', 'SIGMA GVF POSTLIP INSRT', 264, '0'),
	(317, '158126008', 'Вкладыш', 'S6 8mm', 'SIGMA GVF POSTLIP INSRT', 265, '0'),
	(318, '158126010', 'Вкладыш', 'S6 10mm', 'SIGMA GVF POSTLIP INSRT', 266, '0'),
	(319, '158126012', 'Вкладыш', 'S6 12.5mm', 'SIGMA GVF POSTLIP INSRT', 267, '0'),
	(320, '158126015', 'Вкладыш', 'S6 15mm', 'SIGMA GVF POSTLIP INSRT', 268, '0'),
	(321, '158126017', 'Вкладыш', 'S6 17.5mm', 'SIGMA GVF POSTLIP INSRT', 269, '0'),
	(322, '158126020', 'Вкладыш', 'S6 20mm', 'SIGMA GVF POSTLIP INSRT', 270, '0'),
	(323, '121722048', 'Чашка', '48mm', 'PINNACLE SECTOR Porocoat Cup', 271, '0110603295009801'),
	(324, '121722050', 'Чашка', '50mm', 'PINNACLE SECTOR Porocoat Cup', 272, '0110603295009818'),
	(325, '121722052', 'Чашка', '52mm', 'PINNACLE SECTOR Porocoat Cup', 273, '0110603295009825'),
	(326, '121722054', 'Чашка', '54mm', 'PINNACLE SECTOR Porocoat Cup', 274, '0110603295009832'),
	(327, '121722056', 'Чашка', '56mm', 'PINNACLE SECTOR Porocoat Cup', 275, '0110603295009849'),
	(328, '121722058', 'Чашка', '58mm', 'PINNACLE SECTOR Porocoat Cup', 276, '0110603295009856'),
	(329, '121722060', 'Чашка', '60mm', 'PINNACLE SECTOR Porocoat Cup', 277, '0'),
	(330, '121722062', 'Чашка', '62mm', 'PINNACLE SECTOR Porocoat Cup', 278, '0'),
	(331, '121722064', 'Чашка', '64mm', 'PINNACLE SECTOR Porocoat Cup', 279, '0'),
	(332, '121722066', 'Чашка', '66mm', 'PINNACLE SECTOR Porocoat Cup', 280, '0'),
	(343, '13044', 'Чашка', '32/44', 'TRILOC II', 281, '0110603295382065'),
	(344, '13046', 'Чашка', '32/46', 'TRILOC II', 282, '0110603295382072'),
	(345, '13048', 'Чашка', '32/48', 'TRILOC II', 283, '0110603295382089'),
	(346, '13050', 'Чашка', '32/50', 'TRILOC II', 284, '0110603295382096'),
	(347, '13052', 'Чашка', '32/52', 'TRILOC II', 285, '0110603295382102'),
	(348, '13054', 'Чашка', '32/54', 'TRILOC II', 286, '0110603295382119'),
	(349, '13056', 'Чашка', '32/56', 'TRILOC II', 287, '0110603295382126'),
	(350, '13058', 'Чашка', '32/58', 'TRILOC II', 288, '0'),
	(369, '7115-0003', 'Компонент большеберцовый', 'р-р 3', 'Scorpio', 289, '0'),
	(370, '7115-0005', 'Компонент большеберцовый', 'р-р 5', 'Scorpio', 290, '0107613327033342'),
	(371, '7115-0007', 'Компонент большеберцовый', 'р-р 7', 'Scorpio', 291, '0107613327033366'),
	(372, '7115-0009', 'Компонент большеберцовый', 'р-р 9', 'Scorpio', 292, '0107613327033373'),
	(373, '7115-0011', 'Компонент большеберцовый', 'р-р 11', 'Scorpio', 293, '0'),
	(374, '7115-0013', 'Компонент большеберцовый', 'р-р 13', 'Scorpio', 294, '0'),
	(375, '80-4403L', 'Компонент бедренный', ' #3, левый', 'Scorpio NRG CR', 295, '0'),
	(376, '80-4403R', 'Компонент бедренный', ' #3, правый', 'Scorpio NRG CR', 296, '0'),
	(377, '80-4405L', 'Компонент бедренный', ' #5, левый', 'Scorpio NRG CR', 297, '0'),
	(378, '80-4405R', 'Компонент бедренный', ' #5, правый', 'Scorpio NRG CR', 298, '0'),
	(379, '80-4407L', 'Компонент бедренный', ' #7, левый', 'Scorpio NRG CR', 299, '0107613327030334'),
	(380, '80-4407R', 'Компонент бедренный', ' #7, правый', 'Scorpio NRG CR', 300, '0107613327030273'),
	(381, '80-4408L', 'Компонент бедренный', ' #8, левый', 'Scorpio NRG CR', 301, '0'),
	(382, '80-4408R', 'Компонент бедренный', ' #8, правый', 'Scorpio NRG CR', 302, '0'),
	(383, '80-4409L', 'Компонент бедренный', ' #9, левый', 'Scorpio NRG CR', 303, '0'),
	(384, '80-4409R', 'Компонент бедренный', ' #9, правый', 'Scorpio NRG CR', 304, '0107613327030341'),
	(385, '80-4411L', 'Компонент бедренный', ' #11, левый', 'Scorpio NRG CR', 305, '0'),
	(386, '80-4411R', 'Компонент бедренный', ' #11, правый', 'Scorpio NRG CR', 306, '0'),
	(387, '80-4413L', 'Компонент бедренный', ' #13, левый', 'Scorpio NRG CR', 307, '0'),
	(388, '80-4413R', 'Компонент бедренный', ' #13, правый', 'Scorpio NRG CR', 308, '0'),
	(389, '81-4403L', 'Компонент бедренный', ' #3, левый', 'Scorpio NRG PS', 309, '0'),
	(390, '81-4403R', 'Компонент бедренный', ' #3, правый', 'Scorpio NRG PS', 310, '0'),
	(391, '81-4405L', 'Компонент бедренный', ' #5, левый', 'Scorpio NRG PS', 311, '0'),
	(392, '81-4405R', 'Компонент бедренный', ' #5, правый', 'Scorpio NRG PS', 312, '0'),
	(393, '81-4407L', 'Компонент бедренный', ' #7, левый', 'Scorpio NRG PS', 313, '0'),
	(394, '81-4407R', 'Компонент бедренный', ' #7, правый', 'Scorpio NRG PS', 314, '0'),
	(395, '81-4409L', 'Компонент бедренный', ' #9, левый', 'Scorpio NRG PS', 315, '0'),
	(396, '81-4409R', 'Компонент бедренный', ' #9, правый', 'Scorpio NRG PS', 316, '0107613327029451'),
	(397, '81-4411L', 'Компонент бедренный', ' #11, левый', 'Scorpio NRG PS', 317, '0'),
	(398, '81-4411R', 'Компонент бедренный', ' #11, правый', 'Scorpio NRG PS', 318, '0'),
	(399, '81-4413L', 'Компонент бедренный', ' #13, левый', 'Scorpio NRG PS', 319, '0'),
	(400, '81-4413R', 'Компонент бедренный', ' #13, правый', 'Scorpio NRG PS', 320, '0'),
	(401, '82-6-0308', 'Вкладыш', 'размер 3-8 мм', 'Scorpio NRG CR X3', 321, '0'),
	(402, '82-6-0310', 'Вкладыш', 'размер 3-10 мм', 'Scorpio NRG CR X3', 322, '0'),
	(403, '82-6-0312', 'Вкладыш', 'размер 3-12 мм', 'Scorpio NRG CR X3', 323, '0'),
	(404, '82-6-0315', 'Вкладыш', 'размер 3-15 мм', 'Scorpio NRG CR X3', 324, '0'),
	(405, '82-6-0318', 'Вкладыш', 'размер 3-18 мм', 'Scorpio NRG CR X3', 325, '0'),
	(406, '82-6-0508', 'Вкладыш', 'размер 5-8 мм', 'Scorpio NRG CR X3', 326, '0107613327030525'),
	(407, '82-6-0510', 'Вкладыш', 'размер 5-10 мм', 'Scorpio NRG CR X3', 327, '0'),
	(408, '82-6-0512', 'Вкладыш', 'размер 5-12 мм', 'Scorpio NRG CR X3', 328, '01076133270305321'),
	(409, '82-6-0515', 'Вкладыш', 'размер 5-15 мм', 'Scorpio NRG CR X3', 329, '0'),
	(410, '82-6-0518', 'Вкладыш', 'размер 5-18 мм', 'Scorpio NRG CR X3', 330, '0'),
	(411, '82-6-0708', 'Вкладыш', 'размер 7-8 мм', 'Scorpio NRG CR X3', 331, '0107613327030563'),
	(412, '82-6-0710', 'Вкладыш', 'размер 7-10 мм', 'Scorpio NRG CR X3', 332, '0107613327030648'),
	(413, '82-6-0712', 'Вкладыш', 'размер 7-12 мм', 'Scorpio NRG CR X3', 333, '0'),
	(414, '82-6-0715', 'Вкладыш', 'размер 7-15 мм', 'Scorpio NRG CR X3', 334, '0'),
	(415, '82-6-0718', 'Вкладыш', 'размер 7-18 мм', 'Scorpio NRG CR X3', 335, '0'),
	(416, '82-6-0908', 'Вкладыш', 'размер 9-8 мм', 'Scorpio NRG CR X3', 336, '0'),
	(417, '82-6-0910', 'Вкладыш', 'размер 9-10 мм', 'Scorpio NRG CR X3', 337, '0'),
	(418, '82-6-0912', 'Вкладыш', 'размер 9-12 мм', 'Scorpio NRG CR X3', 338, '0'),
	(419, '82-6-0915', 'Вкладыш', 'размер 9-15 мм', 'Scorpio NRG CR X3', 339, '0'),
	(420, '82-6-0918', 'Вкладыш', 'размер 9-18 мм', 'Scorpio NRG CR X3', 340, '0'),
	(421, '82-6-1108', 'Вкладыш', 'размер 11-8 мм', 'Scorpio NRG CR X3', 341, '0'),
	(422, '82-6-1110', 'Вкладыш', 'размер 11-10 мм', 'Scorpio NRG CR X3', 342, '0'),
	(423, '82-6-1112', 'Вкладыш', 'размер 11-12 мм', 'Scorpio NRG CR X3', 343, '0'),
	(424, '82-6-1115', 'Вкладыш', 'размер 11-15 мм', 'Scorpio NRG CR X3', 344, '0'),
	(425, '82-6-1118', 'Вкладыш', 'размер 11-18 мм', 'Scorpio NRG CR X3', 345, '0'),
	(426, '82-7-0308', 'Вкладыш', 'размер 3-8 мм', 'Scorpio NRG PS X3', 346, '0'),
	(427, '82-7-0310', 'Вкладыш', 'размер 3-10 мм', 'Scorpio NRG PS X3', 347, '0'),
	(428, '82-7-0312', 'Вкладыш', 'размер 3-12 мм', 'Scorpio NRG PS X3', 348, '0'),
	(429, '82-7-0315', 'Вкладыш', 'размер 3-15 мм', 'Scorpio NRG PS X3', 349, '0'),
	(430, '82-7-0318', 'Вкладыш', 'размер 3-18 мм', 'Scorpio NRG PS X3', 350, '0'),
	(431, '82-7-0508', 'Вкладыш', 'размер 5-8 мм', 'Scorpio NRG PS X3', 351, '0'),
	(432, '82-7-0510', 'Вкладыш', 'размер 5-10 мм', 'Scorpio NRG PS X3', 352, '0'),
	(433, '82-7-0512', 'Вкладыш', 'размер 5-12 мм', 'Scorpio NRG PS X3', 353, '0'),
	(434, '82-7-0515', 'Вкладыш', 'размер 5-15 мм', 'Scorpio NRG PS X3', 354, '0'),
	(435, '82-7-0518', 'Вкладыш', 'размер 5-18 мм', 'Scorpio NRG PS X3', 355, '0'),
	(436, '82-7-0708', 'Вкладыш', 'размер 7-8 мм', 'Scorpio NRG PS X3', 356, '0'),
	(437, '82-7-0710', 'Вкладыш', 'размер 7-10 мм', 'Scorpio NRG PS X3', 357, '0'),
	(438, '82-7-0712', 'Вкладыш', 'размер 7-12 мм', 'Scorpio NRG PS X3', 358, '0'),
	(439, '82-7-0715', 'Вкладыш', 'размер 7-15 мм', 'Scorpio NRG PS X3', 359, '0'),
	(440, '82-7-0718', 'Вкладыш', 'размер 7-18 мм', 'Scorpio NRG PS X3', 360, '0'),
	(441, '82-7-0908', 'Вкладыш', 'размер 9-8 мм', 'Scorpio NRG PS X3', 361, '0'),
	(442, '82-7-0910', 'Вкладыш', 'размер 9-10 мм', 'Scorpio NRG PS X3', 362, '0107613327031102'),
	(443, '82-7-0912', 'Вкладыш', 'размер 9-12 мм', 'Scorpio NRG PS X3', 363, '0'),
	(444, '82-7-0915', 'Вкладыш', 'размер 9-15 мм', 'Scorpio NRG PS X3', 364, '0'),
	(445, '82-7-0918', 'Вкладыш', 'размер 9-18 мм', 'Scorpio NRG PS X3', 365, '0'),
	(446, '82-7-1108', 'Вкладыш', 'размер 11-8 мм', 'Scorpio NRG PS X3', 366, '0'),
	(447, '82-7-1110', 'Вкладыш', 'размер 11-10 мм', 'Scorpio NRG PS X3', 367, '0'),
	(448, '82-7-1112', 'Вкладыш', 'размер 11-12 мм', 'Scorpio NRG PS X3', 368, '0'),
	(449, '82-7-1115', 'Вкладыш', 'размер 11-15 мм', 'Scorpio NRG PS X3', 369, '0'),
	(450, '82-7-1118', 'Вкладыш', 'размер 11-18 мм', 'Scorpio NRG PS X3', 370, '0'),
	(451, '2030-6520-1', 'Винт костный', '6,5х20 мм', 'Stryker', 371, '0107613327036985'),
	(452, '2030-6535-1', 'Винт костный', '6,5х35 мм', 'Stryker', 372, '0107613327037012'),
	(453, '2030-6540-1', 'Винт костный', '6,5х40 мм', 'Stryker', 373, '0'),
	(454, '2030-6545-1', 'Винт костный', '6,5х45 мм', 'Stryker', 374, '0'),
	(455, '2030-6550-1', 'Винт костный', '6,5х50 мм', 'Stryker', 375, '0'),
	(456, '2030-6555-1', 'Винт костный', '6,5х55 мм', 'Stryker', 376, '0'),
	(457, '502-01-58F', 'Каркас вертлужный', '58 мм', 'Trident с отверстиями', 60, '0'),
	(458, '623-00-28A', 'Вкладыш вертлужный', 'диаметр 28, р. A', 'Trident ХЗ', 78, '0'),
	(459, '623-00-28B', 'Вкладыш вертлужный', 'диаметр 28, р. B', 'Trident ХЗ', 79, '0'),
	(460, '623-10-28C', 'Вкладыш вертлужный', 'диаметр 28, р. C', 'Trident ХЗ', 80, '0'),
	(461, '6721-0230', 'Ножка бедренная', '30 мм, р. 2', 'Accolade', 14, '0'),
	(462, '502-11-42A', 'Каркас вертлужный', '42 мм', 'Trident гемисф. с отверстиями', 50, '0'),
	(463, '502-11-44B', 'Каркас вертлужный', '44 мм', 'Trident гемисф. с отверстиями', 51, '0'),
	(464, '502-01-46C', 'Каркас вертлужный', '46 мм', 'Trident с отверстиями', 54, '0'),
	(466, '5530-G-109', 'Вкладыш', NULL, 'Triathlon CR', 377, '0'),
	(467, '5530-G-111', 'Вкладыш', NULL, 'Triathlon CR', 378, '0'),
	(468, '5530-G-113', 'Вкладыш', NULL, 'Triathlon CR', 379, '0'),
	(469, '5530-G-116', 'Вкладыш', NULL, 'Triathlon CR', 380, '0'),
	(470, '5530-G-209', 'Вкладыш', NULL, 'Triathlon CR', 381, '0'),
	(471, '5530-G-211', 'Вкладыш', NULL, 'Triathlon CR', 382, '0'),
	(472, '5530-G-213', 'Вкладыш', NULL, 'Triathlon CR', 383, '0'),
	(473, '5530-G-216', 'Вкладыш', NULL, 'Triathlon CR', 384, '0'),
	(474, '5530-G-409', 'Вкладыш', NULL, 'Triathlon CR', 386, '0'),
	(475, '5530-G-411', 'Вкладыш', NULL, 'Triathlon CR', 387, '0'),
	(476, '5530-G-413', 'Вкладыш', NULL, 'Triathlon CR', 388, '0'),
	(477, '5530-G-416', 'Вкладыш', NULL, 'Triathlon CR', 389, '0'),
	(478, '5530-G-419', 'Вкладыш', NULL, 'Triathlon CR', 390, '0'),
	(479, '5530-G-509', 'Вкладыш', NULL, 'Triathlon CR', 391, '0'),
	(480, '5530-G-511', 'Вкладыш', NULL, 'Triathlon CR', 392, '0'),
	(481, '5530-G-513', 'Вкладыш', NULL, 'Triathlon CR', 393, '0'),
	(482, '5530-G-516', 'Вкладыш', NULL, 'Triathlon CR', 394, '0'),
	(483, '5530-G-519', 'Вкладыш', NULL, 'Triathlon CR', 395, '0'),
	(484, '5530-G-609', 'Вкладыш', NULL, 'Triathlon CR', 396, '0'),
	(485, '5530-G-611', 'Вкладыш', NULL, 'Triathlon CR', 397, '0'),
	(486, '5530-G-613', 'Вкладыш', NULL, 'Triathlon CR', 398, '0'),
	(487, '5530-G-616', 'Вкладыш', NULL, 'Triathlon CR', 399, '0'),
	(488, '5530-G-619', 'Вкладыш', NULL, 'Triathlon CR', 400, '0'),
	(489, '5530-G-709', 'Вкладыш', NULL, 'Triathlon CR', 401, '0'),
	(490, '5530-G-711', 'Вкладыш', NULL, 'Triathlon CR', 402, '0'),
	(491, '5530-G-713', 'Вкладыш', NULL, 'Triathlon CR', 403, '0'),
	(492, '5530-G-716', 'Вкладыш', NULL, 'Triathlon CR', 404, '0'),
	(493, '5530-G-809', 'Вкладыш', NULL, 'Triathlon CR', 405, '0'),
	(494, '5530-G-811', 'Вкладыш', NULL, 'Triathlon CR', 406, '0'),
	(495, '5530-G-813', 'Вкладыш', NULL, 'Triathlon CR', 407, '0'),
	(496, '5530-G-816', 'Вкладыш', NULL, 'Triathlon CR', 408, '0'),
	(497, '5530-G-819', 'Вкладыш', NULL, 'Triathlon CR', 409, '0'),
	(498, '5532-G-111', 'Вкладыш', NULL, 'Triathlon PS', 410, '0'),
	(499, '5532-G-113', 'Вкладыш', NULL, 'Triathlon PS', 411, '0'),
	(500, '5532-G-116', 'Вкладыш', NULL, 'Triathlon PS', 412, '0'),
	(501, '5532-G-213', 'Вкладыш', NULL, 'Triathlon PS', 413, '0'),
	(502, '5532-G-216', 'Вкладыш', NULL, 'Triathlon PS', 414, '0'),
	(503, '5532-G-219', 'Вкладыш', NULL, 'Triathlon PS', 415, '0'),
	(504, '5532-G-311', 'Вкладыш', NULL, 'Triathlon PS', 416, '0'),
	(505, '5532-G-313', 'Вкладыш', NULL, 'Triathlon PS', 417, '0'),
	(506, '5532-G-316', 'Вкладыш', NULL, 'Triathlon PS', 418, '0'),
	(507, '5532-G-319', 'Вкладыш', NULL, 'Triathlon PS', 419, '0'),
	(508, '5532-G-411', 'Вкладыш', NULL, 'Triathlon PS', 420, '0'),
	(509, '5532-G-416', 'Вкладыш', NULL, 'Triathlon PS', 421, '0'),
	(510, '5532-G-509', 'Вкладыш', NULL, 'Triathlon PS', 422, '0'),
	(511, '5532-G-511', 'Вкладыш', NULL, 'Triathlon PS', 423, '0'),
	(512, '5532-G-513', 'Вкладыш', NULL, 'Triathlon PS', 424, '0'),
	(513, '5532-G-516', 'Вкладыш', NULL, 'Triathlon PS', 425, '0'),
	(514, '5532-G-519', 'Вкладыш', NULL, 'Triathlon PS', 426, '0'),
	(515, '5532-G-609', 'Вкладыш', NULL, 'Triathlon PS', 427, '0'),
	(516, '5532-G-611', 'Вкладыш', NULL, 'Triathlon PS', 428, '0'),
	(517, '5532-G-613', 'Вкладыш', NULL, 'Triathlon PS', 429, '0'),
	(518, '5532-G-616', 'Вкладыш', NULL, 'Triathlon PS', 430, '0'),
	(519, '5532-G-709', 'Вкладыш', NULL, 'Triathlon PS', 431, '0'),
	(520, '5532-G-711', 'Вкладыш', NULL, 'Triathlon PS', 432, '0'),
	(521, '5532-G-716', 'Вкладыш', NULL, 'Triathlon PS', 433, '0'),
	(523, '5510-F-201', 'Компонент бедренный', '#2, левый', 'Triathlon CR', 434, '0'),
	(524, '5510-F-202', 'Компонент бедренный', '#2, правый', 'Triathlon CR', 435, '0'),
	(525, '5510-F-301', 'Компонент бедренный', '#3, левый', 'Triathlon CR', 436, '0'),
	(526, '5510-F-302', 'Компонент бедренный', '#3, правый', 'Triathlon CR', 437, '0'),
	(527, '5510-F-401', 'Компонент бедренный', '#4, левый', 'Triathlon CR', 438, '0'),
	(528, '5510-F-402', 'Компонент бедренный', '#4, правый', 'Triathlon CR', 439, '0'),
	(529, '5510-F-501', 'Компонент бедренный', '#5, левый', 'Triathlon CR', 440, '0'),
	(530, '5510-F-502', 'Компонент бедренный', '#5, правый', 'Triathlon CR', 441, '0'),
	(531, '5510-F-601', 'Компонент бедренный', '#6, левый', 'Triathlon CR', 442, '0'),
	(532, '5510-F-602', 'Компонент бедренный', '#6, правый', 'Triathlon CR', 443, '0'),
	(533, '5510-F-701', 'Компонент бедренный', '#7, левый', 'Triathlon CR', 444, '0'),
	(534, '5510-F-702', 'Компонент бедренный', '#7, правый', 'Triathlon CR', 445, '0'),
	(535, '5510-F-801', 'Компонент бедренный', '#8, левый', 'Triathlon CR', 446, '0'),
	(536, '5510-F-802', 'Компонент бедренный', '#8, правый', 'Triathlon CR', 447, '0'),
	(537, '5515-F-201', 'Компонент бедренный', '#2, левый', 'Triathlon PS', 448, '0'),
	(538, '5515-F-202', 'Компонент бедренный', '#2, правый', 'Triathlon PS', 449, '0'),
	(539, '5515-F-301', 'Компонент бедренный', '#3, левый', 'Triathlon PS', 450, '0'),
	(540, '5515-F-302', 'Компонент бедренный', '#3, правый', 'Triathlon PS', 451, '0'),
	(541, '5515-F-401', 'Компонент бедренный', '#4, левый', 'Triathlon PS', 452, '0'),
	(542, '5515-F-402', 'Компонент бедренный', '#4, правый', 'Triathlon PS', 453, '0'),
	(543, '5515-F-501', 'Компонент бедренный', '#5, левый', 'Triathlon PS', 454, '0'),
	(544, '5515-F-502', 'Компонент бедренный', '#5, правый', 'Triathlon PS', 455, '0'),
	(545, '5515-F-601', 'Компонент бедренный', '#6, левый', 'Triathlon PS', 456, '0'),
	(546, '5515-F-602', 'Компонент бедренный', '#6, правый', 'Triathlon PS', 457, '0'),
	(547, '5515-F-701', 'Компонент бедренный', '#7, левый', 'Triathlon PS', 458, '0'),
	(548, '5515-F-702', 'Компонент бедренный', '#7, правый', 'Triathlon PS', 459, '0'),
	(549, '5520-B-100', 'Компонент большеберцовый', NULL, 'Triathlon', 460, '0'),
	(550, '5520-B-200', 'Компонент большеберцовый', NULL, 'Triathlon', 461, '0'),
	(551, '5520-B-300', 'Компонент большеберцовый', NULL, 'Triathlon', 462, '0'),
	(552, '5520-B-400', 'Компонент большеберцовый', NULL, 'Triathlon', 463, '0'),
	(553, '5520-B-500', 'Компонент большеберцовый', NULL, 'Triathlon', 464, '0'),
	(554, '5520-B-600', 'Компонент большеберцовый', NULL, 'Triathlon', 465, '0'),
	(555, '5520-B-700', 'Компонент большеберцовый', NULL, 'Triathlon', 466, '0'),
	(556, '6260-9-028', 'Головка', '28 мм-4', 'LFIT V40', 25, '0'),
	(557, '6260-9-128', 'Головка', '28 мм+0', 'LFIT V40', 26, '0'),
	(558, '6260-9-228', 'Головка', '28 мм+4', 'LFIT V40', 27, '0'),
	(559, '6260-9-328', 'Головка', '28 мм+8', 'LFIT V40', 28, '0'),
	(560, '6260-9-428', 'Головка', '28 мм+12', 'LFIT V40', 29, '0'),
	(561, '6260-9-032', 'Головка', '32 мм-4', 'LFIT V40', 30, '0'),
	(562, '6260-9-132', 'Головка', '32 мм+0', 'LFIT V40', 31, '0'),
	(563, '6260-9-232', 'Головка', '32 мм+4', 'LFIT V40', 32, '0'),
	(564, '6260-9-332', 'Головка', '32 мм+8', 'LFIT V40', 33, '0'),
	(565, '6260-9-432', 'Головка', '32 мм+12', 'LFIT V40', 34, '0'),
	(566, '6260-4-222', 'Головка', '22,2 мм+3', 'LFIT V40', 24, '0'),
	(567, '502-11-46C', 'Каркас вертлужный', '46 мм', 'Trident гемисф. с отверстиями', 52, '0'),
	(568, '502-01-44B', 'Каркас вертлужный', '44 мм', 'Trident с отверстиями', 53, '0'),
	(569, '623-10-22A', 'Вкладыш вертлужный', 'диаметр 22, р. A', 'Trident ХЗ', 76, '0'),
	(570, '623-10-22B', 'Вкладыш вертлужный', 'диаметр 22, р. B', 'Trident ХЗ', 77, '0'),
	(571, '5530-G-309', 'Вкладыш', NULL, 'Triathlon CR', 385, '0'),
	(572, '6304-5-350', 'Чашка', NULL, 'Contemporary', 63, '0'),
	(573, '6304-5-352', 'Чашка', NULL, 'Contemporary', 64, '0'),
	(574, '6304-5-354', 'Чашка', NULL, 'Contemporary', 65, '0'),
	(575, '6304-5-356', 'Чашка', NULL, 'Contemporary', 66, '0'),
	(576, '6304-5-358', 'Чашка', NULL, 'Contemporary', 67, '0'),
	(577, '6304-5-360', 'Чашка', NULL, 'Contemporary', 68, '0'),
	(578, '6304-5-848', 'Чашка', NULL, 'Contemporary', 69, '0'),
	(579, '6304-5-850', 'Чашка', NULL, 'Contemporary', 70, '0'),
	(580, '6304-5-852', 'Чашка', NULL, 'Contemporary', 71, '0'),
	(581, '6304-5-854', 'Чашка', NULL, 'Contemporary', 72, '0'),
	(582, '6304-5-856', 'Чашка', NULL, 'Contemporary', 73, '0'),
	(583, '6304-5-858', 'Чашка', NULL, 'Contemporary', 74, '0'),
	(584, '6304-5-860', 'Чашка', NULL, 'Contemporary', 75, '0');
/*!40000 ALTER TABLE `component` ENABLE KEYS */;

-- Дамп структуры для таблица stocktaking.el_body_part
CREATE TABLE IF NOT EXISTS `el_body_part` (
  `id` int(10) unsigned NOT NULL AUTO_INCREMENT,
  `title` varchar(30) COLLATE utf8mb4_unicode_ci DEFAULT NULL,
  PRIMARY KEY (`id`) USING BTREE
) ENGINE=InnoDB AUTO_INCREMENT=11 DEFAULT CHARSET=utf8mb4 COLLATE=utf8mb4_unicode_ci;

-- Дамп данных таблицы stocktaking.el_body_part: ~8 rows (приблизительно)
/*!40000 ALTER TABLE `el_body_part` DISABLE KEYS */;
INSERT IGNORE INTO `el_body_part` (`id`, `title`) VALUES
	(1, 'Ножка'),
	(2, 'Чашка'),
	(3, 'Винт'),
	(4, 'Каркас вертлужный'),
	(5, 'Вкладыш'),
	(6, 'Головка'),
	(7, 'Компонент большеберцовый'),
	(8, 'Компонент бедренный'),
	(9, 'Вкладыш большеберцовый'),
	(10, 'Кольцо');
/*!40000 ALTER TABLE `el_body_part` ENABLE KEYS */;

-- Дамп структуры для таблица stocktaking.manuf
CREATE TABLE IF NOT EXISTS `manuf` (
  `id` int(10) unsigned NOT NULL AUTO_INCREMENT,
  `title` varchar(30) COLLATE utf8mb4_unicode_ci DEFAULT NULL,
  PRIMARY KEY (`id`) USING BTREE
) ENGINE=InnoDB AUTO_INCREMENT=3 DEFAULT CHARSET=utf8mb4 COLLATE=utf8mb4_unicode_ci;

-- Дамп данных таблицы stocktaking.manuf: ~2 rows (приблизительно)
/*!40000 ALTER TABLE `manuf` DISABLE KEYS */;
INSERT IGNORE INTO `manuf` (`id`, `title`) VALUES
	(1, 'Striker'),
	(2, 'DePuy');
/*!40000 ALTER TABLE `manuf` ENABLE KEYS */;

-- Дамп структуры для таблица stocktaking.user
CREATE TABLE IF NOT EXISTS `user` (
  `id` int(11) NOT NULL AUTO_INCREMENT,
  `login` varchar(60) NOT NULL,
  `password` varchar(60) NOT NULL,
  `access_import` int(11) NOT NULL DEFAULT 0,
  `access_contract` int(11) NOT NULL DEFAULT 0,
  `access_delete_act` int(11) NOT NULL DEFAULT 0,
  `access_report` int(11) NOT NULL DEFAULT 0,
  `do_act_email` int(11) NOT NULL DEFAULT 1,
  PRIMARY KEY (`id`)
) ENGINE=InnoDB AUTO_INCREMENT=4 DEFAULT CHARSET=utf8mb3;

-- Дамп данных таблицы stocktaking.user: ~1 rows (приблизительно)
/*!40000 ALTER TABLE `user` DISABLE KEYS */;
INSERT IGNORE INTO `user` (`id`, `login`, `password`, `access_import`, `access_contract`, `access_delete_act`, `access_report`, `do_act_email`) VALUES
	(1, 'admin', '21232f297a57a5a743894a0e4a801fc3', 1, 1, 1, 1, 1);
/*!40000 ALTER TABLE `user` ENABLE KEYS */;

SET SQL_MODE=IFNULL(@OLD_SQL_MODE, '');
SET FOREIGN_KEY_CHECKS=IF(@OLD_FOREIGN_KEY_CHECKS IS NULL, 1, @OLD_FOREIGN_KEY_CHECKS);
SET CHARACTER_SET_CLIENT=@OLD_CHARACTER_SET_CLIENT;
SET SQL_NOTES=@OLD_SQL_NOTES;
